[
    {
        "id": 1,
        "name":" LD01 LOUNGE CHAIR",
        "price": 200
    },
    {
        "id": 2,
        "name":" LD02 LOUNGE CHAIR",
        "price": 250
    },
    {
        "id": 3,
        "name":" LD03 LOUNGE CHAIR",
        "price": 290
    },
    {
        "id": 4,
        "name":" LD04 LOUNGE CHAIR",
        "price": 200
    },
    {
        "id": 5,
        "name":" LD05 LOUNGE CHAIR",
        "price": 300
    },
    {
        "id": 6,
        "name":" LD06 LOUNGE CHAIR",
        "price": 200
    },
    {
        "id": 7,
        "name":" LD07 LOUNGE CHAIR",
        "price": 200
    },
    {
        "id": 8,
        "name":" LD08 LOUNGE CHAIR",
        "price": 200
    }

]